,Datetime,SMA,loss,threshold,anomaly
1862,2019-08-14 05:02:14.248032,1.8287201076600168,0.19533224653609177,0.1,True
1863,2019-08-14 13:01:13.452384,1.828433156662885,0.19510644616289272,0.1,True
1864,2019-08-14 20:55:09.522336,1.828187198750357,0.19488352943417697,0.1,True
1865,2019-08-15 04:40:38.641152,1.8276870845815774,0.19466981829945998,0.1,True
1866,2019-08-15 09:17:17.454048,1.8275149142078964,0.19449453897765814,0.1,True
1867,2019-08-15 17:21:08.832960,1.8271623749915933,0.19429778033607506,0.1,True
1868,2019-08-15 20:31:45.944832,1.8272279636717137,0.1941165870205676,0.1,True
1869,2019-08-16 05:51:39.290400,1.826588474298104,0.19388868474587248,0.1,True
1870,2019-08-16 12:22:46.839360,1.8263999070242303,0.19373813903026552,0.1,True
1871,2019-08-16 21:48:16.401888,1.826432701328957,0.1935695912529392,0.1,True
1872,2019-08-17 05:32:27.805632,1.8261293540614392,0.193361234123663,0.1,True
1873,2019-08-17 13:31:08.111712,1.8258260069141798,0.19317904468417985,0.1,True
1874,2019-08-17 21:27:13.773024,1.8260883611950365,0.19302369421610993,0.1,True
1875,2019-08-18 21:08:48.295392,1.8253996814047577,0.19279226782413403,0.1,True
1876,2019-08-19 12:49:53.340096,1.8245634282211454,0.19266161473810564,0.1,True
1877,2019-08-19 20:40:55.179264,1.824243684604392,0.19259920548679912,0.1,True
1878,2019-08-20 04:27:53.945856,1.8238091614437857,0.19253040352615958,0.1,True
1879,2019-08-20 12:23:48.835680,1.8235714035952952,0.1924670667846497,0.1,True
1880,2019-08-20 21:55:25.593024,1.8234566239723446,0.19237103678621506,0.1,True
1881,2019-08-21 05:38:57.240672,1.8229565129605327,0.19224721719236257,0.1,True
1882,2019-08-21 12:25:26.999904,1.8227515495256212,0.1921604890547042,0.1,True
1883,2019-08-21 21:33:50.726592,1.8227515495256212,0.19204714553003274,0.1,True
1884,2019-08-22 13:18:23.029344,1.822144858090772,0.19190136387208578,0.1,True
1885,2019-08-22 21:16:03.448992,1.822071071328769,0.19181351813799843,0.1,True
1886,2019-08-23 09:36:20.178720,1.8215791597620983,0.19168427749754036,0.1,True
1887,2019-08-23 12:57:17.199360,1.8214561819208896,0.19158627871325182,0.1,True
1888,2019-08-23 20:51:22.250592,1.8212676159393593,0.19145181345487927,0.1,True
1889,2019-08-24 04:36:42.949728,1.82064452867846,0.19129353910188515,0.1,True
1890,2019-08-24 12:37:27.868800,1.820373977793039,0.19119029071478916,0.1,True
1891,2019-08-24 20:28:21.419616,1.8203493822602548,0.19107526087312898,0.1,True
1892,2019-08-25 05:47:29.703264,1.8198574718250045,0.19090453348527026,0.1,True
1893,2019-08-25 12:10:59.942208,1.8197098987589722,0.19077265551510456,0.1,True
1894,2019-08-25 21:45:04.432320,1.8198164793049953,0.1906155933380869,0.1,True
1895,2019-08-26 05:28:30.572832,1.8194803407101992,0.19040620347624446,0.1,True
1896,2019-08-26 13:28:37.344576,1.8192425842356297,0.1902350620214946,0.1,True
1897,2019-08-26 21:24:01.969344,1.8194393482090347,0.19006714249148435,0.1,True
1898,2019-08-27 05:06:51.997248,1.819168797759767,0.18984640088472282,0.1,True
1899,2019-08-27 13:06:58.379328,1.818840857950551,0.18964712990658086,0.1,True
1900,2019-08-27 21:05:14.936640,1.8186604911143838,0.1894906966561774,0.1,True
1901,2019-08-28 04:45:31.224384,1.8181439863293445,0.1893317234144641,0.1,True
1902,2019-08-28 12:42:28.077696,1.8177586575960851,0.18921158118921663,0.1,True
1903,2019-08-28 20:36:58.091616,1.8175372986239917,0.18910470016145914,0.1,True
1904,2019-08-29 05:56:21.655968,1.8167010542137845,0.18898301241273793,0.1,True
1905,2019-08-29 09:02:00.074400,1.8165862756431563,0.18891937675176623,0.1,True
1906,2019-08-29 17:01:14.576736,1.8162419400324377,0.18881336708532723,0.1,True
1907,2019-08-29 21:53:37.538592,1.8162993292917164,0.18872163671960704,0.1,True
1908,2019-08-30 05:34:52.028832,1.8157582307544604,0.18856980746684443,0.1,True
1909,2019-08-30 11:58:08.823936,1.8154958800885452,0.18846874540113215,0.1,True
1910,2019-08-30 21:31:42.383712,1.8154876816302663,0.18835540358847022,0.1,True
1911,2019-08-31 05:15:42.285024,1.8149957743874412,0.18819404056899466,0.1,True
1912,2019-08-31 11:26:49.179840,1.8147662177835042,0.18808196589470566,0.1,True
1913,2019-08-31 21:12:30.581856,1.8145940503761133,0.18795687633779476,0.1,True
1914,2019-09-01 04:54:18.470016,1.8138971827053316,0.18780821813123036,0.1,True
1915,2019-09-01 11:04:54.253920,1.8136020389481835,0.18773587988504495,0.1,True
1916,2019-09-01 20:47:00.688416,1.8129871564895013,0.1876403996306331,0.1,True
1917,2019-09-02 04:32:44.284416,1.8117655915027744,0.187586330479595,0.1,True
1918,2019-09-02 12:36:05.361120,1.8109539487513364,0.18763214036721834,0.1,True
1919,2019-09-02 20:31:31.844352,1.8104784412849864,0.18767914732759924,0.1,True
1920,2019-09-03 05:43:36.070752,1.809199491670787,0.18768724035869733,0.1,True
1921,2019-09-03 13:52:43.778208,1.8084206452168927,0.18777049460190823,0.1,True
1922,2019-09-03 21:32:44.791296,1.8076827914275657,0.18781434574307548,0.1,True
1923,2019-09-04 05:23:27.233664,1.806641598983203,0.18783287237117482,0.1,True
1924,2019-09-04 13:24:12.195072,1.8057807716789924,0.18786163421880828,0.1,True
1925,2019-09-04 21:20:04.935264,1.8054036476443047,0.187853269504515,0.1,True
1926,2019-09-05 05:02:49.235712,1.804559218434688,0.1877553078400525,0.1,True
1927,2019-09-05 13:02:02.149152,1.8040017317103907,0.1876577469581807,0.1,True
1928,2019-09-05 21:01:22.631232,1.8037393851610306,0.18749840739806348,0.1,True
1929,2019-09-06 04:41:27.032928,1.803067122546255,0.1872632500117563,0.1,True
1930,2019-09-06 12:40:30.344736,1.802714594829626,0.18703635625694676,0.1,True
1931,2019-09-06 20:40:10.424928,1.802608016715549,0.18676136477190147,0.1,True
1932,2019-09-07 05:53:33.717696,1.802124316235276,0.18642918348115559,0.1,True
1933,2019-09-07 12:15:42.930720,1.8019521517314425,0.1861115290263918,0.1,True
1934,2019-09-07 20:12:46.245888,1.8017635906547174,0.18575373153124913,0.1,True
1935,2019-09-08 05:30:16.169184,1.8015422364074136,0.18539293060412157,0.1,True
1936,2019-09-08 13:31:51.813696,1.8012143043106013,0.18501786818659346,0.1,True
1937,2019-09-08 19:51:19.075968,1.8010667349143084,0.18465559137325613,0.1,True
1938,2019-09-09 03:36:56.329344,1.8007961910956152,0.18426390436529216,0.1,True
1939,2019-09-09 11:22:19.079616,1.8005092507883356,0.18388809435573908,0.1,True
1940,2019-09-09 19:32:03.714432,1.800189517433215,0.18351906229686127,0.1,True
1941,2019-09-10 03:14:39.563232,1.7997304133637362,0.1831511414905777,0.1,True
1942,2019-09-10 11:12:28.686816,1.7995664476943296,0.18281687018038204,0.1,True
1943,2019-09-10 16:02:02.936256,1.7993204992556802,0.182455499485871,0.1,True
1944,2019-09-11 04:28:22.151136,1.8700831935994964,0.18208591956225212,0.1,True
1945,2019-09-11 12:24:37.325952,1.9093248931399396,0.17168994532542553,0.1,True
1946,2019-09-11 20:27:39.851712,1.9159993022170971,0.15972376253902362,0.1,True
1947,2019-09-12 04:06:46.160640,1.914506984462664,0.15166307082373415,0.1,True
1948,2019-09-12 16:52:11.580384,1.924477691337311,0.14757815101707283,0.1,True
1949,2019-09-12 20:05:34.080000,1.9169914491801587,0.14471855927569627,0.1,True
1950,2019-09-13 03:45:43.168032,1.914670975279456,0.14522888975457715,0.1,True
1951,2019-09-13 11:41:53.182176,1.8718787885690964,0.14727142542188354,0.1,True
1952,2019-09-13 21:16:43.758048,1.8763554961329258,0.15585649098138774,0.1,True
1953,2019-09-16 04:16:14.874816,1.8741991299934448,0.16198920255114613,0.1,True
1954,2019-09-16 12:12:06.434784,1.8751502260799535,0.16739544971036,0.1,True
1955,2019-09-16 20:15:34.687872,1.8749616465870873,0.17174645431145524,0.1,True
1956,2019-09-17 03:54:46.039968,1.8747730671430682,0.17548543693485522,0.1,True
1957,2019-09-17 11:50:30.274080,1.8744860985123426,0.1787941203818423,0.1,True
1958,2019-09-17 19:54:37.598112,1.8743795101939105,0.18181101632464863,0.1,True
1959,2019-09-18 05:01:32.990304,1.8739777543530478,0.18459675987102256,0.1,True
1960,2019-09-18 11:29:23.917056,1.8736907860275553,0.18728516972900894,0.1,True
1961,2019-09-18 19:33:36.315360,1.873313627824122,0.18988971963483556,0.1,True
1962,2019-09-19 04:44:42.366912,1.8727560899600222,0.19244851784859665,0.1,True
1963,2019-09-19 07:50:07.012320,1.8726249046391743,0.19501645785374644,0.1,True
1964,2019-09-19 15:59:36.489120,1.8721411589705232,0.1975253326691462,0.1,True
1965,2019-09-19 20:37:50.043072,1.8721001635878693,0.20004720452438335,0.1,True
1966,2019-09-20 04:25:16.386816,1.8713868443139736,0.20251696586583356,0.1,True
1967,2019-09-20 12:21:11.637792,1.8709604928857768,0.2050516531085505,0.1,True
1968,2019-09-20 20:17:14.007264,1.870788312572061,0.20758214977446346,0.1,True
1969,2019-09-21 04:03:47.190816,1.8703537624291995,0.21007740075513584,0.1,True
1970,2019-09-21 11:59:35.865024,1.8700503973837779,0.2125865148183457,0.1,True
1971,2019-09-21 20:03:26.174304,1.8700667954915131,0.21508649072392436,0.1,True
1972,2019-09-22 03:42:19.437696,1.8698290229672885,0.2175411623365373,0.1,True
1973,2019-09-22 11:38:27.288384,1.8695994495693344,0.21999513801814163,0.1,True
1974,2019-09-22 19:40:56.165664,1.869312482920516,0.2224493694584979,0.1,True
1975,2019-09-23 04:53:42.906048,1.8688697345921266,0.2225460355173268,0.1,True
1976,2019-09-23 11:40:36.999840,1.8685499720739833,0.22135419110708437,0.1,True
1977,2019-09-23 20:48:59.114304,1.868394190383502,0.2199317944852485,0.1,True
1978,2019-09-24 04:32:59.375040,1.8679350445360232,0.21852767533812736,0.1,True
1979,2019-09-24 11:02:57.583680,1.8675578892279647,0.21680974987183438,0.1,True
1980,2019-09-24 20:27:19.046592,1.8672709233616935,0.21533767903289242,0.1,True
1981,2019-09-25 04:14:50.406720,1.8667953801672066,0.21392408552322728,0.1,True
1982,2019-09-25 12:14:40.738272,1.8664674195178377,0.21394662911096213,0.1,True
1983,2019-09-25 20:12:13.971168,1.8663690313507235,0.21380116119940898,0.1,True
1984,2019-09-26 03:51:19.524960,1.8659098867437653,0.21367951754444608,0.1,True
1985,2019-09-26 08:30:15.737184,1.8657377075887451,0.21354176094057628,0.1,True
1986,2019-09-26 16:47:58.877664,1.8652621653674828,0.21337621894015138,0.1,True
1987,2019-09-26 18:20:22.534944,1.8652375683625877,0.21323424374902755,0.1,True
1988,2019-09-27 04:57:56.148768,1.8647784244508965,0.21304605482263878,0.1,True
1989,2019-09-27 11:34:42.860064,1.8644668626699898,0.21288350602363054,0.1,True
1990,2019-09-27 19:30:13.530240,1.8641307040505661,0.21272389216771376,0.1,True
1991,2019-09-28 04:41:46.245696,1.86346658624595,0.2125672401139092,0.1,True
1992,2019-09-28 11:04:26.372640,1.863097632165832,0.21246067506855654,0.1,True
1993,2019-09-28 20:36:00.093024,1.8627614741625773,0.21235041038451516,0.1,True
1994,2019-09-29 04:21:48.567168,1.8619333782565683,0.21222090756432765,0.1,True
1995,2019-09-29 12:17:43.039680,1.8613840478148298,0.21215554482889995,0.1,True
1996,2019-09-29 20:20:58.517664,1.8611216811781093,0.21207673837097257,0.1,True
1997,2019-09-30 04:00:17.455680,1.8603017860341327,0.21196604686489345,0.1,True
1998,2019-09-30 12:03:53.188416,1.8597606557270991,0.21190540623748796,0.1,True
1999,2019-09-30 20:00:02.730816,1.8592605204922794,0.2118269995442245,0.1,True
2000,2019-10-01 03:38:57.642720,1.8583422402697207,0.21173597189475038,0.1,True
2001,2019-10-01 11:24:42.255648,1.8577027243500093,0.21168865319605715,0.1,True
2002,2019-10-01 19:39:02.072736,1.8571861926593327,0.21161531426588667,0.1,True
2003,2019-10-02 00:18:58.053024,1.856636865696408,0.21150872229630138,0.1,True
2004,2019-10-02 17:47:52.238112,1.8545953406633868,0.21137990062617804,0.1,True
2005,2019-10-02 22:19:02.675712,1.8545051529391865,0.21144170532895554,0.1,True
2006,2019-10-03 02:55:49.884096,1.8537836515321453,0.21134935053631887,0.1,True
2007,2019-10-03 06:05:25.054944,1.8533983044725049,0.2112396586199015,0.1,True
2008,2019-10-03 18:50:03.060096,1.8524390371279253,0.2110589031297571,0.1,True
2009,2019-10-03 21:51:52.399296,1.85263580981473,0.21091704832018823,0.1,True
2010,2019-10-04 02:36:22.779072,1.8522258667722664,0.21063279983008323,0.1,True
2011,2019-10-04 08:44:51.350208,1.8517503331225733,0.21033920689203148,0.1,True
2012,2019-10-04 18:28:21.195264,1.8513567882617357,0.21005284630237234,0.1,True
2013,2019-10-04 21:30:52.062624,1.8514633733059171,0.2097565311002951,0.1,True
2014,2019-10-05 02:16:29.839584,1.8512502032311917,0.2093763618583902,0.1,True
2015,2019-10-05 10:17:53.860704,1.8508730563171663,0.20899804585971266,0.1,True
2016,2019-10-05 18:17:04.799904,1.8504877107571598,0.2086370692726795,0.1,True
2017,2019-10-05 22:50:30.255648,1.8505615003190747,0.20829830385756815,0.1,True
2018,2019-10-06 01:54:32.915232,1.8504303188831916,0.2078975906450846,0.1,True
2019,2019-10-06 09:40:06.710016,1.8501925525885978,0.2074988052401239,0.1,True
2020,2019-10-06 17:55:45.456096,1.8496268330929662,0.20711462313766918,0.1,True
2021,2019-10-06 22:27:24.106752,1.849717020231,0.20678844153540618,0.1,True
2022,2019-10-07 02:58:26.534208,1.849380868225538,0.2064194700307595,0.1,True
2023,2019-10-07 10:50:40.077600,1.8489381316720528,0.20607920477370426,0.1,True
2024,2019-10-07 18:58:54.593760,1.8486183776545635,0.20577206362305986,0.1,True
2025,2019-10-07 22:00:37.566144,1.8487987516990412,0.20548605144809595,0.1,True
2026,2019-10-08 02:37:54.561792,1.8484626001079123,0.2051409559897502,0.1,True
2027,2019-10-08 10:29:02.176800,1.847749303326048,0.2048251027566588,0.1,True
2028,2019-10-08 18:37:00.344352,1.8474541462370835,0.20459910635429626,0.1,True
2029,2019-10-08 22:47:59.000352,1.8476181223835961,0.2043690901070237,0.1,True
2030,2019-10-09 02:23:06.569376,1.847421351010955,0.20407364770897746,0.1,True
2031,2019-10-09 10:18:23.970240,1.8469048264088266,0.20380374174840493,0.1,True
2032,2019-10-09 18:16:04.368288,1.8466178684488601,0.20359372941957124,0.1,True
2033,2019-10-09 21:18:24.837408,1.846699856425166,0.20339050329425715,0.1,True
2034,2019-10-10 02:00:45.338112,1.846421097337812,0.20314442482105152,0.1,True
2035,2019-10-10 06:45:06.682176,1.8460521516467676,0.20297537999678958,0.1,True
2036,2019-10-10 18:04:36.950016,1.845420844997677,0.20282476337376307,0.1,True
2037,2019-10-10 22:30:30.005856,1.8453388571602263,0.20274216998918917,0.1,True
2038,2019-10-11 01:47:51.283104,1.844978110783403,0.2026194100739989,0.1,True
2039,2019-10-11 09:59:56.999616,1.8444451903143118,0.20253042913532157,0.1,True
2040,2019-10-11 17:43:54.295968,1.8438056862540577,0.20245555021911296,0.1,True
2041,2019-10-11 22:09:22.400352,1.8437073010611682,0.20241783004092012,0.1,True
2042,2019-10-12 02:51:39.166848,1.8431333876983993,0.2023297707622152,0.1,True
2043,2019-10-12 10:37:51.178080,1.842379102235123,0.2022744819556464,0.1,True
2044,2019-10-12 18:46:13.096128,1.8418707798505247,0.20224750732140181,0.1,True
2045,2019-10-12 21:48:15.334848,1.842034754775857,0.20220736833764968,0.1,True
2046,2019-10-13 02:32:04.931232,1.8416002213015472,0.20206657800622307,0.1,True
2047,2019-10-13 10:19:29.724096,1.840845937381297,0.20194562959163007,0.1,True
2048,2019-10-13 18:24:49.314816,1.8403868084096606,0.20186628369385876,0.1,True
2049,2019-10-13 21:33:18.217728,1.8405179880870441,0.20177331208161847,0.1,True
2050,2019-10-14 02:11:14.507232,1.8402474300260427,0.20158912526868422,0.1,True
2051,2019-10-14 10:14:16.130976,1.8396161282681196,0.20141292545260658,0.1,True
2052,2019-10-14 18:14:23.504928,1.8392143910613508,0.20127334558775914,0.1,True
2053,2019-10-14 22:46:42.182112,1.8392635833592572,0.20113424189033471,0.1,True
2054,2019-10-15 01:50:31.022016,1.8390586154668522,0.20093597699992974,0.1,True
2055,2019-10-15 09:52:50.226816,1.8386322824302488,0.2007335393703654,0.1,True
2056,2019-10-15 17:53:05.132256,1.838132161290204,0.2005434580702659,0.1,True
2057,2019-10-15 22:25:35.728320,1.8381895522234295,0.20038352290696768,0.1,True
2058,2019-10-16 02:54:24.427584,1.8377960144811425,0.20017768023486832,0.1,True
2059,2019-10-16 18:53:40.736256,1.8368203697239267,0.19999772077352532,0.1,True
2060,2019-10-16 22:04:45.302592,1.8371155226254208,0.19990019519938582,0.1,True
2061,2019-10-17 02:40:12.819072,1.8367957736540712,0.19968200820721138,0.1,True
2062,2019-10-17 10:25:22.251648,1.836336647163476,0.19948306824478074,0.1,True
2063,2019-10-17 18:32:32.380800,1.8360660906127708,0.19930999171398903,0.1,True
2064,2019-10-17 21:44:58.493184,1.8361726734841195,0.19911469712334107,0.1,True
2065,2019-10-18 02:20:02.192640,1.8359923024795748,0.1988598713313206,0.1,True
2066,2019-10-18 10:21:20.371392,1.8355413751559149,0.19861139494047125,0.1,True
2067,2019-10-18 18:21:12.838752,1.835033057408826,0.1984157287872375,0.1,True
2068,2019-10-18 22:52:49.825344,1.835074050763205,0.19824850472081718,0.1,True
2069,2019-10-19 01:58:21.439776,1.8348608853478088,0.19802934926173937,0.1,True
2070,2019-10-19 09:44:01.153824,1.8343443693988268,0.19781997412935168,0.1,True
2071,2019-10-19 18:00:53.466048,1.833827853804173,0.19766619304011604,0.1,True
2072,2019-10-19 22:31:42.203424,1.8337622645487963,0.1975340542701095,0.1,True
2073,2019-10-20 02:53:40.902720,1.8334179210481378,0.19736525121950507,0.1,True
2074,2019-10-20 10:55:41.153952,1.8328112209789866,0.19722161659742954,0.1,True
2075,2019-10-20 17:25:22.957824,1.8322865078013366,0.19712728593682313,0.1,True
2076,2019-10-20 22:05:40.175232,1.8322045214005394,0.19703217988125968,0.1,True
2077,2019-10-21 02:48:19.091232,1.8317535963563332,0.19688711471925585,0.1,True
2078,2019-10-21 10:34:09.053184,1.8310239182250452,0.19677361124462003,0.1,True
2079,2019-10-21 21:52:44.781888,1.8308517470827024,0.19671338426573876,0.1,True
2080,2019-10-22 02:28:19.598304,1.83053200078332,0.19658924644049228,0.1,True
2081,2019-10-22 10:23:16.492128,1.8299662961240977,0.19645239049065752,0.1,True
2082,2019-10-22 18:29:57.908832,1.8296629474253816,0.19635196596602444,0.1,True
2083,2019-10-22 21:29:10.373280,1.8298023238407297,0.19623291039090698,0.1,True
2084,2019-10-23 02:07:46.504416,1.8295645640919096,0.19602517708844414,0.1,True
2085,2019-10-23 09:52:35.103360,1.8291054420315331,0.19581856801688635,0.1,True
2086,2019-10-23 18:09:39.354336,1.8288020936789628,0.19565080506351207,0.1,True
2087,2019-10-23 22:42:36.281664,1.8288020936789628,0.19549086482152278,0.1,True
2088,2019-10-24 01:44:29.851008,1.8285561356464242,0.19527767208105945,0.1,True
2089,2019-10-24 09:31:56.154144,1.8281298085830657,0.19507721482000584,0.1,True
2090,2019-10-24 17:49:16.898880,1.827523112794368,0.1949315064549203,0.1,True
2091,2019-10-24 22:14:20.791392,1.827523112794368,0.19481258737701515,0.1,True
2092,2019-10-25 02:50:46.867200,1.8270639919854224,0.1946383204145306,0.1,True
2093,2019-10-25 10:42:42.153408,1.826498289943369,0.19449835412768118,0.1,True
2094,2019-10-25 18:51:36.963936,1.826055566906923,0.19438999078047764,0.1,True
2095,2019-10-25 21:53:13.032096,1.8261785455006763,0.19427062079215407,0.1,True
2096,2019-10-26 02:29:53.638656,1.8257030283777043,0.19406781495395364,0.1,True
2097,2019-10-26 10:21:35.252064,1.8249159662132928,0.19390369938797627,0.1,True
2098,2019-10-26 18:29:35.114784,1.8243912585645514,0.1938107784800832,0.1,True
2099,2019-10-26 21:32:04.246368,1.8243256701326345,0.1937094793686376,0.1,True
2100,2019-10-27 02:15:35.457696,1.8237927643501877,0.19354050500628123,0.1,True
2101,2019-10-27 10:01:09.153120,1.822726953916467,0.19340195091592494,0.1,True
2102,2019-10-27 18:18:08.952768,1.821734931722315,0.19335819277152563,0.1,True
2103,2019-10-27 22:52:03.156384,1.821488976009895,0.19334881664155315,0.1,True
2104,2019-10-28 01:47:13.426944,1.8210052633431115,0.1932578629585767,0.1,True
2105,2019-10-28 09:40:15.153888,1.8200132434284133,0.19315309964674565,0.1,True
2106,2019-10-28 17:57:01.709280,1.8187670715128736,0.193107507641871,0.1,True
2107,2019-10-28 22:22:59.701152,1.8184227349014073,0.19311857225224388,0.1,True
2108,2019-10-29 02:59:34.382400,1.8177504591159863,0.19304195099379562,0.1,True
2109,2019-10-29 10:51:48.178080,1.8165534817693763,0.19296127076146974,0.1,True
2110,2019-10-29 19:00:19.467936,1.8156516507839415,0.192932396114673,0.1,True
2111,2019-10-29 22:01:50.164608,1.8157254369161377,0.19289161690932058,0.1,True
2112,2019-10-30 02:40:38.270784,1.8149547821317524,0.19270746245652476,0.1,True
2113,2019-10-30 10:30:13.076640,1.8139709686632155,0.19254118126085454,0.1,True
2114,2019-10-30 18:38:37.406112,1.813282300004149,0.19239668755108,0.1,True
2115,2019-10-30 21:40:42.018240,1.8134298718078405,0.19222760295927524,0.1,True
2116,2019-10-31 02:24:18.378144,1.8130363470670934,0.19192679336216836,0.1,True
2117,2019-10-31 10:19:35.363424,1.8127002115149575,0.1916128292012718,0.1,True
2118,2019-10-31 13:31:32.109312,1.8124214650720876,0.19127034338584198,0.1,True
2119,2019-10-31 21:11:35.112192,1.8265392828315918,0.19090610962716498,0.1,True
2120,2019-11-01 17:55:22.162656,1.8907778915134923,0.18850096566270338,0.1,True
2121,2019-11-03 04:27:05.197248,1.8904827174807457,0.17783598025551578,0.1,True
2122,2019-11-05 13:20:15.163584,1.8830952051970085,0.17126644549102324,0.1,True
2123,2019-11-07 17:18:11.784672,1.8916962114773455,0.1684694613088101,0.1,True
2124,2019-11-08 20:08:28.311648,1.8841365038525573,0.1660830733493429,0.1,True
2125,2019-11-09 00:55:06.255840,1.884152902268253,0.16634859699088805,0.1,True
2126,2019-11-09 21:22:45.520032,1.8833493803273746,0.16727543790408586,0.1,True
2127,2019-11-10 05:08:02.634432,1.8828000341875817,0.16878612020535214,0.1,True
2128,2019-11-10 13:07:58.746144,1.8824556681594342,0.17063737592295414,0.1,True
2129,2019-11-10 21:05:18.414240,1.8821277006563308,0.1726606578581807,0.1,True
2130,2019-11-11 04:46:44.316192,1.8813815751284915,0.17476242323517502,0.1,True
2131,2019-11-11 12:47:08.509632,1.8808732262907748,0.17696910225671378,0.1,True
2132,2019-11-11 20:39:33.303168,1.8805944544932287,0.17921591239736046,0.1,True
2133,2019-11-12 04:25:14.258784,1.8797335422486834,0.18145166062317758,0.1,True
2134,2019-11-12 12:28:41.629728,1.8792743894547348,0.18373481985653803,0.1,True
2135,2019-11-12 20:24:22.318848,1.8790284148600176,0.18599098622507404,0.1,True
2136,2019-11-13 05:31:49.522656,1.8783068898458897,0.18821363206092082,0.1,True
2137,2019-11-13 12:04:48.162144,1.8778969327632014,0.19049222701726667,0.1,True
2138,2019-11-13 21:31:42.280032,1.8776181620727759,0.19274029857644567,0.1,True
2139,2019-11-14 05:17:09.585312,1.876650664601306,0.1949592034371208,0.1,True
2140,2019-11-14 13:17:02.172768,1.8759619383493982,0.19727433012910348,0.1,True
2141,2019-11-14 21:12:45.267264,1.8757241639575737,0.19960943491547528,0.1,True
2142,2019-11-15 04:55:50.434176,1.8750190403420448,0.20186631631800594,0.1,True
2143,2019-11-15 12:55:56.341056,1.8743139173890526,0.2041586096954727,0.1,True
2144,2019-11-15 20:48:31.290912,1.8738055733440653,0.2064823617110043,0.1,True
2145,2019-11-16 04:34:18.018912,1.8729938634111039,0.20879403255049445,0.1,True
2146,2019-11-16 12:35:00.360672,1.8724937193428741,0.2111134319728025,0.1,True
2147,2019-11-16 20:33:13.902624,1.872362534068642,0.2134027175878159,0.1,True
2148,2019-11-17 04:12:47.628864,1.8716738117560012,0.21561750632778492,0.1,True
2149,2019-11-17 12:17:05.922240,1.8712802564344224,0.21785817887405826,0.1,True
2150,2019-11-17 21:26:48.901056,1.8712310620345984,0.21959138852017387,0.1,True
2151,2019-11-18 13:26:15.838656,1.8704439520591847,0.2191074079831516,0.1,True
2152,2019-11-18 21:21:10.321056,1.8704767482912683,0.21868271555930954,0.1,True
2153,2019-11-19 05:04:41.428704,1.8700585964361578,0.21841640483351274,0.1,True
2154,2019-11-19 21:02:26.021184,1.8694108714749365,0.21786728126563182,0.1,True
2155,2019-11-20 04:43:21.612288,1.8686565595637485,0.21759958266944052,0.1,True
2156,2019-11-20 12:42:20.373408,1.8682466077590383,0.21736041011390747,0.1,True
2157,2019-11-20 20:36:09.953856,1.8679022484157675,0.21711288299622222,0.1,True
2158,2019-11-21 04:21:49.558176,1.8672053311784598,0.21684608988462883,0.1,True
2159,2019-11-21 09:01:00.256224,1.8670167536838658,0.21660944315769753,0.1,True
2160,2019-11-21 17:02:17.418912,1.8666559968733285,0.21631875205749432,0.1,True
2161,2019-11-21 20:20:53.329344,1.8667133899905448,0.21603015390328373,0.1,True
2162,2019-11-22 05:29:52.155168,1.8661476580247418,0.21568089327082124,0.1,True
2163,2019-11-22 11:56:08.729664,1.8658688917045296,0.2153748611201159,0.1,True
2164,2019-11-22 21:28:17.911200,1.8658360956742819,0.21507513670627634,0.1,True
2165,2019-11-23 05:13:42.413664,1.865188374360732,0.21473942117908734,0.1,True
2166,2019-11-23 13:13:39.772992,1.8646554395211397,0.21446190324662215,0.1,True
2167,2019-11-23 21:09:50.570784,1.8642290919233573,0.21421999316489465,0.1,True
2168,2019-11-24 04:52:22.790784,1.8632862086735635,0.21398012357424723,0.1,True
2169,2019-11-24 12:51:21.885408,1.8627286782659773,0.21380854906534077,0.1,True
2170,2019-11-24 20:45:03.251808,1.8619497761872636,0.2136460148047959,0.1,True
2171,2019-11-25 04:30:49.876992,1.8606625397883723,0.2135152559804054,0.1,True
2172,2019-11-25 12:26:46.957920,1.8599000377395438,0.21345994262766657,0.1,True
2173,2019-11-25 20:23:45.393216,1.8593261119775188,0.21338752144970968,0.1,True
2174,2019-11-26 05:30:12.462624,1.858006084395659,0.21327604159362537,0.1,True
2175,2019-11-26 13:50:43.196640,1.8572189883107049,0.21323488371463636,0.1,True
2176,2019-11-26 21:30:45.254304,1.8570550100650023,0.21316845933105089,0.1,True
2177,2019-11-27 05:22:43.427136,1.8563007105882803,0.21298813429914235,0.1,True
2178,2019-11-27 13:22:02.804160,1.8557267875855026,0.21280180882479288,0.1,True
2179,2019-11-27 21:17:45.108096,1.8556202019333345,0.2125977450336258,0.1,True
2180,2019-11-28 05:01:07.403808,1.8549970861144236,0.2123086026694884,0.1,True
2181,2019-11-28 09:38:59.153856,1.8548085116922446,0.21202500194067544,0.1,True
2182,2019-11-28 17:45:43.039872,1.8542427887098647,0.21170361536439788,0.1,True
2183,2019-11-28 20:59:35.738880,1.8542837831138386,0.2113890088439985,0.1,True
2184,2019-11-29 04:39:48.169728,1.8536934639031597,0.2110037652484217,0.1,True
2185,2019-11-29 12:38:47.262624,1.8533819067300077,0.21067156404215137,0.1,True
2186,2019-11-29 20:32:37.866048,1.8532425259335361,0.21034109175180102,0.1,True
2187,2019-11-30 04:18:16.780896,1.8525702189126816,0.20998218690992473,0.1,True
2188,2019-11-30 12:22:07.624128,1.8523324519419133,0.2096789884716546,0.1,True
2189,2019-11-30 21:31:51.246624,1.8522504633491905,0.20936178147796855,0.1,True
2190,2019-12-01 05:31:43.079808,1.8517421342690537,0.2090019417952632,0.1,True
2191,2019-12-01 11:42:34.155648,1.8514879698582938,0.20867872350067007,0.1,True
2192,2019-12-01 21:24:51.621696,1.8514469756070602,0.20832967043121856,0.1,True
2193,2019-12-02 05:10:06.940704,1.8509468459172664,0.20795142228748828,0.1,True
2194,2019-12-02 09:47:41.252640,1.8507992667282243,0.20761280753492783,0.1,True
2195,2019-12-02 21:06:46.359936,1.8503401316578774,0.20724172068479513,0.1,True
2196,2019-12-03 20:41:29.709888,1.849093909319622,0.20691178478631983,0.1,True
2197,2019-12-04 20:20:08.007360,1.84781489380806,0.2067177375866705,0.1,True
2198,2019-12-05 08:45:26.155584,1.8470852000389706,0.20661067861008553,0.1,True
2199,2019-12-05 13:47:37.707072,1.8468884288051843,0.20649532808295715,0.1,True
2200,2019-12-05 21:27:10.988352,1.8469212240067656,0.20628803646656174,0.1,True
2201,2019-12-06 05:19:04.041120,1.8465276816815195,0.20599468373132154,0.1,True
2202,2019-12-06 13:17:45.650976,1.8462571214528922,0.20572558948750094,0.1,True
2203,2019-12-06 21:14:04.071840,1.8462325250723488,0.20544764080318398,0.1,True
2204,2019-12-07 04:57:27.685152,1.8456914049262783,0.20512917331385636,0.1,True
2205,2019-12-07 12:57:41.221152,1.845396248647136,0.20488648299418202,0.1,True
2206,2019-12-07 20:50:18.331872,1.8452158754231427,0.20465247782700077,0.1,True
2207,2019-12-08 04:36:08.729280,1.8445927682521712,0.20439387369955483,0.1,True
2208,2019-12-08 12:36:46.066752,1.8442894136347605,0.20420002215412467,0.1,True
2209,2019-12-08 20:29:00.055968,1.8441008419063687,0.2040015718803638,0.1,True
2210,2019-12-09 04:14:35.481120,1.8433219591842909,0.2037716871141146,0.1,True
2211,2019-12-09 12:18:16.690752,1.8430759963862982,0.20361863802989968,0.1,True
2212,2019-12-09 21:27:01.482624,1.842944816261851,0.2034277224780959,0.1,True
2213,2019-12-10 05:25:31.641024,1.8423217109800514,0.20320714054101652,0.1,True
2214,2019-12-10 13:26:40.725312,1.8419773635480607,0.20301852707062876,0.1,True
2215,2019-12-10 16:47:31.213248,1.8419117735785724,0.20282679175066634,0.1,True
2216,2019-12-10 22:56:19.254624,1.8420183572813154,0.2025877435449919,0.1,True
2217,2019-12-11 01:59:19.402080,1.8417559974249345,0.20228872631054975,0.1,True
2218,2019-12-11 09:44:07.179360,1.8412968678946546,0.20202027785884846,0.1,True
2219,2019-12-11 17:51:11.697696,1.8407557513092232,0.20179028265335267,0.1,True
2220,2019-12-11 22:26:51.804384,1.8407147576466358,0.20159180859036882,0.1,True
2221,2019-12-12 02:54:01.917792,1.8402392312979885,0.20135492248739909,0.1,True
2222,2019-12-12 10:55:39.153792,1.8397309103664088,0.20114888012503937,0.1,True
2223,2019-12-12 17:29:11.134176,1.839238987210304,0.20095852085603128,0.1,True
2224,2019-12-12 22:13:10.758144,1.8391570000490276,0.20078740530975672,0.1,True
2225,2019-12-13 02:42:28.577664,1.8386076863003882,0.20056022653189026,0.1,True
2226,2019-12-13 10:34:08.177952,1.83805017424869,0.20037066435031653,0.1,True
2227,2019-12-13 17:03:53.227008,1.837689431380683,0.2002327329860747,0.1,True
2228,2019-12-13 22:50:51.999936,1.8377632196802574,0.20011133606649845,0.1,True
2229,2019-12-14 02:28:44.096160,1.8373860795550019,0.19993138789944082,0.1,True
2230,2019-12-14 10:23:40.744608,1.8367547802042294,0.1997649022602705,0.1,True
2231,2019-12-14 18:30:06.363936,1.8366317998740447,0.19963307541520672,0.1,True
2232,2019-12-14 21:29:50.538912,1.836787574964202,0.19946206304026026,0.1,True
2233,2019-12-15 02:05:56.230368,1.8364596274448137,0.19922415184199627,0.1,True
2234,2019-12-15 10:10:33.898944,1.835951309073373,0.19900398815007217,0.1,True
2235,2019-12-15 18:09:52.304832,1.8355331764796834,0.1988352440390411,0.1,True
2236,2019-12-15 22:27:46.080000,1.8355741698613375,0.19868241595724065,0.1,True
2237,2019-12-16 01:47:05.263872,1.8352872162388543,0.19847136191661238,0.1,True
2238,2019-12-16 09:49:08.876928,1.834983865386398,0.19828339418679225,0.1,True
2239,2019-12-16 17:49:22.774080,1.834426356033942,0.19810574613330273,0.1,True
2240,2019-12-16 22:20:52.018368,1.8343935613776148,0.1979674257286725,0.1,True
2241,2019-12-17 02:46:00.897024,1.8338852444103453,0.19779858631666578,0.1,True
2242,2019-12-17 09:28:10.409088,1.8334917089279237,0.19766563769733386,0.1,True
2243,2019-12-17 17:16:52.301856,1.8330981736527925,0.19753395747972513,0.1,True
2244,2019-12-17 22:00:43.574400,1.8331637628506436,0.19741720533597754,0.1,True
2245,2019-12-18 02:29:46.512384,1.8327210358746826,0.19723909139335774,0.1,True
2246,2019-12-18 10:21:43.151616,1.8321717268424023,0.19708497565358,0.1,True
2247,2019-12-18 18:28:51.131136,1.8319257677057186,0.19695211482266536,0.1,True
2248,2019-12-18 21:38:03.813792,1.8320651445408551,0.19679723039025238,0.1,True
2249,2019-12-19 02:16:27.269184,1.8317371990881748,0.19658008149665976,0.1,True
2250,2019-12-19 10:19:23.240640,1.8312780756972697,0.19639448415913602,0.1,True
2251,2019-12-19 18:17:38.610816,1.8309747264669376,0.19623410544197617,0.1,True
2252,2019-12-19 22:52:06.181248,1.8310239182250452,0.19608008585039916,0.1,True
2253,2019-12-20 01:55:37.655616,1.8308353498336367,0.19588417514255596,0.1,True
2254,2019-12-20 09:58:58.065312,1.8304582131951297,0.19569806234240678,0.1,True
2255,2019-12-20 17:57:10.025280,1.8298105224542287,0.19553436131281637,0.1,True
2256,2019-12-20 22:28:05.088000,1.8297449335507006,0.19543692774967455,0.1,True
2257,2019-12-21 03:00:11.839392,1.8293022085921045,0.19530301833124628,0.1,True
2258,2019-12-21 09:36:29.704320,1.828941469933388,0.19519557053147601,0.1,True
2259,2019-12-21 19:00:34.471296,1.8283265748902267,0.1950787207891406,0.1,True
2260,2019-12-21 22:09:24.748704,1.828301979098577,0.1950016137041234,0.1,True
2261,2019-12-22 02:38:20.874912,1.8277936662615004,0.19487455156231837,0.1,True
2262,2019-12-22 10:30:37.077696,1.8271869707453057,0.19477060249898842,0.1,True
2263,2019-12-22 18:38:49.989408,1.82675244588075,0.19468227753352943,0.1,True
2264,2019-12-22 21:46:45.609312,1.8269000203343406,0.19458885424277703,0.1,True
2265,2019-12-23 02:24:59.363712,1.826481892789766,0.19441497273932792,0.1,True
2266,2019-12-23 10:28:06.466080,1.8259489854722277,0.19426881551128916,0.1,True
2267,2019-12-23 18:26:28.675680,1.8256784326703597,0.19414195338760923,0.1,True
2268,2019-12-24 03:29:15.405216,1.825375085708323,0.1939971565444264,0.1,True
2269,2019-12-24 11:22:28.080768,1.8250307460598991,0.19384575960992614,0.1,True
2270,2019-12-24 19:32:12.536736,1.8246454137848456,0.19370380086065914,0.1,True
2271,2019-12-25 03:15:28.755936,1.8242108903926488,0.19355892426579033,0.1,True
2272,2019-12-25 11:17:50.163936,1.823874749829335,0.193431166225729,0.1,True
2273,2019-12-25 19:15:34.284096,1.8234730210604875,0.19329833965891322,0.1,True
2274,2019-12-26 02:54:39.631392,1.8229401158832998,0.19317191172221213,0.1,True
2275,2019-12-26 07:26:33.387360,1.8225793802833608,0.19305272958559924,0.1,True
2276,2019-12-26 18:53:54.076416,1.8222842331074038,0.1929248999813446,0.1,True
2277,2019-12-27 03:59:30.297696,1.8216693435249638,0.19278638550613666,0.1,True
2278,2019-12-27 11:52:46.282368,1.8213332041012529,0.19267766217590093,0.1,True
2279,2019-12-27 18:35:03.549696,1.8212266233402523,0.19253335121899695,0.1,True
2280,2019-12-28 03:37:53.022432,1.8209396752112206,0.19234309279628994,0.1,True
2281,2019-12-28 11:30:59.056416,1.820652727191289,0.19215294687051188,0.1,True
2282,2019-12-28 19:27:07.596576,1.820390374813242,0.19195945348162186,0.1,True
2283,2019-12-29 03:26:27.041856,1.8201690150643044,0.19174902672455402,0.1,True
2284,2019-12-29 11:26:29.845248,1.8198164793049953,0.19152616217151291,0.1,True
2285,2019-12-29 19:24:11.718144,1.8194311497098432,0.19131959101356216,0.1,True
2286,2019-12-30 03:03:24.992640,1.8189966293409663,0.19113834326566986,0.1,True
2287,2019-12-30 11:05:46.768704,1.8185539107347388,0.19096495609312905,0.1,True
2288,2019-12-30 19:01:25.464576,1.8182177727070166,0.19080699084075864,0.1,True
2289,2019-12-31 10:44:01.110912,1.8172503519100411,0.19064180295601976,0.1,True
2290,2019-12-31 18:43:37.271136,1.8170125961416486,0.1905691723411773,0.1,True
